{
    "result": {
        "uplinkFrames": [
            {
                "txInfo": {
                    "frequency": 924000000,
                    "dataRate": {
                        "modulation": "LORA",
                        "bandwidth": 125,
                        "spreadFactor": 12,
                        "bitrate": 0
                    },
                    "codeRate": "4/5"
                },
                "rxInfo": [
                    {
                        "mac": "00800000a0000ed1",
                        "time": "2021-10-28T04:42:45.479397Z",
                        "timeSinceGPSEpoch": "",
                        "timestamp": 2490976524,
                        "rssi": -93,
                        "loRaSNR": 0.5,
                        "board": 0,
                        "antenna": 0
                    },
                    {
                        "mac": "00800000a0000a1c",
                        "time": "2021-10-28T04:54:58.036885Z",
                        "timeSinceGPSEpoch": "",
                        "timestamp": 2739683820,
                        "rssi": -94,
                        "loRaSNR": -1.8,
                        "board": 0,
                        "antenna": 0
                    },
                    {
                        "mac": "00800000a000151a",
                        "time": "2021-10-28T04:17:25.138635Z",
                        "timeSinceGPSEpoch": "",
                        "timestamp": 3628546420,
                        "rssi": -111,
                        "loRaSNR": -8.5,
                        "board": 0,
                        "antenna": 0
                    }
                ],
                "phyPayloadJSON": {
                    "mhdr": {
                        "mType": "ConfirmedDataUp",
                        "major": "LoRaWANR1"
                    },
                    "macPayload": {
                        "fhdr": {
                            "devAddr": "06fb67c9",
                            "fCtrl": {
                                "adr": false,
                                "adrAckReq": false,
                                "ack": false,
                                "fPending": false,
                                "classB": false
                            },
                            "fCnt": 36,
                            "fOpts": null
                        },
                        "fPort": 1,
                        "frmPayload": [
                            {
                                "bytes": "kwzp"
                            }
                        ]
                    },
                    "mic": "a5b48941"
                }
            }
        ],
        "downlinkFrames": []
    }
}