{
    "result": {
        "uplinkFrames": [
            {
                "txInfo": {
                    "frequency": 924200000,
                    "dataRate": {
                        "modulation": "LORA",
                        "bandwidth": 125,
                        "spreadFactor": 12,
                        "bitrate": 0
                    },
                    "codeRate": "4/5"
                },
                "rxInfo": [
                    {
                        "mac": "00800000a0000ed1",
                        "time": "2021-10-28T04:42:30.216525Z",
                        "timeSinceGPSEpoch": "",
                        "timestamp": 2475707636,
                        "rssi": -90,
                        "loRaSNR": 1,
                        "board": 0,
                        "antenna": 0
                    },
                    {
                        "mac": "00800000a000151a",
                        "time": "2021-10-28T04:17:09.865629Z",
                        "timeSinceGPSEpoch": "",
                        "timestamp": 3613277556,
                        "rssi": -109,
                        "loRaSNR": -8,
                        "board": 0,
                        "antenna": 0
                    },
                    {
                        "mac": "00800000a0000a1c",
                        "time": "2021-10-28T04:54:42.768885Z",
                        "timeSinceGPSEpoch": "",
                        "timestamp": 2724414932,
                        "rssi": -96,
                        "loRaSNR": -10,
                        "board": 0,
                        "antenna": 0
                    }
                ],
                "phyPayloadJSON": {
                    "mhdr": {
                        "mType": "ConfirmedDataUp",
                        "major": "LoRaWANR1"
                    },
                    "macPayload": {
                        "fhdr": {
                            "devAddr": "06fb67c9",
                            "fCtrl": {
                                "adr": false,
                                "adrAckReq": false,
                                "ack": false,
                                "fPending": false,
                                "classB": false
                            },
                            "fCnt": 32,
                            "fOpts": null
                        },
                        "fPort": 1,
                        "frmPayload": [
                            {
                                "bytes": "W65s"
                            }
                        ]
                    },
                    "mic": "c5eddfbb"
                }
            }
        ],
        "downlinkFrames": []
    }
}