{
    "result": {
        "uplinkFrames": [
            {
                "txInfo": {
                    "frequency": 923400000,
                    "dataRate": {
                        "modulation": "LORA",
                        "bandwidth": 125,
                        "spreadFactor": 12,
                        "bitrate": 0
                    },
                    "codeRate": "4/5"
                },
                "rxInfo": [
                    {
                        "mac": "00800000a0000ed1",
                        "time": "2021-10-28T04:42:53.041026Z",
                        "timeSinceGPSEpoch": "",
                        "timestamp": 2498541988,
                        "rssi": -84,
                        "loRaSNR": 3.8,
                        "board": 0,
                        "antenna": 0
                    },
                    {
                        "mac": "00800000a0000a1c",
                        "time": "2021-10-28T04:55:05.609254Z",
                        "timeSinceGPSEpoch": "",
                        "timestamp": 2747249284,
                        "rssi": -93,
                        "loRaSNR": -4.2,
                        "board": 0,
                        "antenna": 0
                    },
                    {
                        "mac": "00800000a000151a",
                        "time": "2021-10-28T04:17:32.711386Z",
                        "timeSinceGPSEpoch": "",
                        "timestamp": 3636111868,
                        "rssi": -109,
                        "loRaSNR": -11.8,
                        "board": 0,
                        "antenna": 0
                    }
                ],
                "phyPayloadJSON": {
                    "mhdr": {
                        "mType": "ConfirmedDataUp",
                        "major": "LoRaWANR1"
                    },
                    "macPayload": {
                        "fhdr": {
                            "devAddr": "06fb67c9",
                            "fCtrl": {
                                "adr": false,
                                "adrAckReq": false,
                                "ack": false,
                                "fPending": false,
                                "classB": false
                            },
                            "fCnt": 38,
                            "fOpts": null
                        },
                        "fPort": 1,
                        "frmPayload": [
                            {
                                "bytes": "JNCM"
                            }
                        ]
                    },
                    "mic": "e052acbb"
                }
            }
        ],
        "downlinkFrames": []
    }
}