{
    "result": {
        "uplinkFrames": [
            {
                "txInfo": {
                    "frequency": 923200000,
                    "dataRate": {
                        "modulation": "LORA",
                        "bandwidth": 125,
                        "spreadFactor": 9,
                        "bitrate": 0
                    },
                    "codeRate": "4/5"
                },
                "rxInfo": [
                    {
                        "mac": "00800000a000151a",
                        "time": "2021-10-30T06:50:56.592057Z",
                        "timeSinceGPSEpoch": "",
                        "timestamp": 955855516,
                        "rssi": -109,
                        "loRaSNR": -4.8,
                        "board": 0,
                        "antenna": 0
                    },
                    {
                        "mac": "00800000a0000ed1",
                        "time": "2021-10-30T07:16:15.602379Z",
                        "timeSinceGPSEpoch": "",
                        "timestamp": 4113625804,
                        "rssi": -96,
                        "loRaSNR": -10.2,
                        "board": 0,
                        "antenna": 0
                    },
                    {
                        "mac": "00800000a0000a1c",
                        "time": "2021-10-30T07:28:28.812243Z",
                        "timeSinceGPSEpoch": "",
                        "timestamp": 67387340,
                        "rssi": -96,
                        "loRaSNR": -11.2,
                        "board": 0,
                        "antenna": 0
                    }
                ],
                "phyPayloadJSON": {
                    "mhdr": {
                        "mType": "ConfirmedDataUp",
                        "major": "LoRaWANR1"
                    },
                    "macPayload": {
                        "fhdr": {
                            "devAddr": "06fb67c9",
                            "fCtrl": {
                                "adr": false,
                                "adrAckReq": false,
                                "ack": false,
                                "fPending": false,
                                "classB": false
                            },
                            "fCnt": 51,
                            "fOpts": null
                        },
                        "fPort": 1,
                        "frmPayload": [
                            {
                                "bytes": "s298"
                            }
                        ]
                    },
                    "mic": "49778236"
                }
            }
        ],
        "downlinkFrames": []
    }
}