{
    "result": {
        "uplinkFrames": [
            {
                "txInfo": {
                    "frequency": 923400000,
                    "dataRate": {
                        "modulation": "LORA",
                        "bandwidth": 125,
                        "spreadFactor": 11,
                        "bitrate": 0
                    },
                    "codeRate": "4/5"
                },
                "rxInfo": [
                    {
                        "mac": "00800000a0000ed1",
                        "time": "2021-10-30T07:16:58.921007Z",
                        "timeSinceGPSEpoch": "",
                        "timestamp": 4156939700,
                        "rssi": -95,
                        "loRaSNR": -3.2,
                        "board": 0,
                        "antenna": 0
                    },
                    {
                        "mac": "00800000a000151a",
                        "time": "2021-10-30T06:51:39.93272Z",
                        "timeSinceGPSEpoch": "",
                        "timestamp": 999169332,
                        "rssi": -108,
                        "loRaSNR": -10.8,
                        "board": 0,
                        "antenna": 0
                    },
                    {
                        "mac": "00800000a0000a1c",
                        "time": "2021-10-30T07:29:12.137995Z",
                        "timeSinceGPSEpoch": "",
                        "timestamp": 110701244,
                        "rssi": -94,
                        "loRaSNR": -11,
                        "board": 0,
                        "antenna": 0
                    }
                ],
                "phyPayloadJSON": {
                    "mhdr": {
                        "mType": "ConfirmedDataUp",
                        "major": "LoRaWANR1"
                    },
                    "macPayload": {
                        "fhdr": {
                            "devAddr": "06fb67c9",
                            "fCtrl": {
                                "adr": false,
                                "adrAckReq": false,
                                "ack": false,
                                "fPending": false,
                                "classB": false
                            },
                            "fCnt": 71,
                            "fOpts": null
                        },
                        "fPort": 1,
                        "frmPayload": [
                            {
                                "bytes": "QjYL"
                            }
                        ]
                    },
                    "mic": "d2dc0e3e"
                }
            }
        ],
        "downlinkFrames": []
    }
}