{
    "result": {
        "uplinkFrames": [
            {
                "txInfo": {
                    "frequency": 923200000,
                    "dataRate": {
                        "modulation": "LORA",
                        "bandwidth": 125,
                        "spreadFactor": 12,
                        "bitrate": 0
                    },
                    "codeRate": "4/5"
                },
                "rxInfo": [
                    {
                        "mac": "00800000a000151a",
                        "time": "2021-10-30T06:51:59.805779Z",
                        "timeSinceGPSEpoch": "",
                        "timestamp": 1019015100,
                        "rssi": -109,
                        "loRaSNR": -12,
                        "board": 0,
                        "antenna": 0
                    },
                    {
                        "mac": "00800000a0000ed1",
                        "time": "2021-10-30T07:17:18.781005Z",
                        "timeSinceGPSEpoch": "",
                        "timestamp": 4176785508,
                        "rssi": -95,
                        "loRaSNR": -13.2,
                        "board": 0,
                        "antenna": 0
                    },
                    {
                        "mac": "00800000a0000a1c",
                        "time": "2021-10-30T07:29:31.998238Z",
                        "timeSinceGPSEpoch": "",
                        "timestamp": 130547060,
                        "rssi": -97,
                        "loRaSNR": -18.5,
                        "board": 0,
                        "antenna": 0
                    }
                ],
                "phyPayloadJSON": {
                    "mhdr": {
                        "mType": "ConfirmedDataUp",
                        "major": "LoRaWANR1"
                    },
                    "macPayload": {
                        "fhdr": {
                            "devAddr": "06fb67c9",
                            "fCtrl": {
                                "adr": false,
                                "adrAckReq": false,
                                "ack": false,
                                "fPending": false,
                                "classB": false
                            },
                            "fCnt": 77,
                            "fOpts": null
                        },
                        "fPort": 1,
                        "frmPayload": [
                            {
                                "bytes": "a79h"
                            }
                        ]
                    },
                    "mic": "4de9b351"
                }
            }
        ],
        "downlinkFrames": []
    }
}