{
    "result": {
        "uplinkFrames": [
            {
                "txInfo": {
                    "frequency": 923200000,
                    "dataRate": {
                        "modulation": "LORA",
                        "bandwidth": 125,
                        "spreadFactor": 12,
                        "bitrate": 0
                    },
                    "codeRate": "4/5"
                },
                "rxInfo": [
                    {
                        "mac": "00800000a000151a",
                        "time": "2021-10-30T06:51:52.024138Z",
                        "timeSinceGPSEpoch": "",
                        "timestamp": 1011244780,
                        "rssi": -111,
                        "loRaSNR": -10.8,
                        "board": 0,
                        "antenna": 0
                    },
                    {
                        "mac": "00800000a0000ed1",
                        "time": "2021-10-30T07:17:11.016772Z",
                        "timeSinceGPSEpoch": "",
                        "timestamp": 4169015172,
                        "rssi": -95,
                        "loRaSNR": -11.5,
                        "board": 0,
                        "antenna": 0
                    },
                    {
                        "mac": "00800000a0000a1c",
                        "time": "2021-10-30T07:29:24.22586Z",
                        "timeSinceGPSEpoch": "",
                        "timestamp": 122776716,
                        "rssi": -99,
                        "loRaSNR": -12.5,
                        "board": 0,
                        "antenna": 0
                    }
                ],
                "phyPayloadJSON": {
                    "mhdr": {
                        "mType": "ConfirmedDataUp",
                        "major": "LoRaWANR1"
                    },
                    "macPayload": {
                        "fhdr": {
                            "devAddr": "06fb67c9",
                            "fCtrl": {
                                "adr": false,
                                "adrAckReq": false,
                                "ack": false,
                                "fPending": false,
                                "classB": false
                            },
                            "fCnt": 75,
                            "fOpts": null
                        },
                        "fPort": 1,
                        "frmPayload": [
                            {
                                "bytes": "z9bu"
                            }
                        ]
                    },
                    "mic": "03639a4e"
                }
            }
        ],
        "downlinkFrames": []
    }
}