{
    "result": {
        "uplinkFrames": [
            {
                "txInfo": {
                    "frequency": 923400000,
                    "dataRate": {
                        "modulation": "LORA",
                        "bandwidth": 125,
                        "spreadFactor": 10,
                        "bitrate": 0
                    },
                    "codeRate": "4/5"
                },
                "rxInfo": [
                    {
                        "mac": "00800000a0000ed1",
                        "time": "2021-10-30T07:14:40.185346Z",
                        "timeSinceGPSEpoch": "",
                        "timestamp": 4018206100,
                        "rssi": -91,
                        "loRaSNR": -8.2,
                        "board": 0,
                        "antenna": 0
                    },
                    {
                        "mac": "00800000a0000a1c",
                        "time": "2021-10-30T07:26:53.391475Z",
                        "timeSinceGPSEpoch": "",
                        "timestamp": 4266934908,
                        "rssi": -96,
                        "loRaSNR": -13,
                        "board": 0,
                        "antenna": 0
                    },
                    {
                        "mac": "00800000a000151a",
                        "time": "2021-10-30T06:49:21.164907Z",
                        "timeSinceGPSEpoch": "",
                        "timestamp": 860435996,
                        "rssi": -106,
                        "loRaSNR": -13.5,
                        "board": 0,
                        "antenna": 0
                    }
                ],
                "phyPayloadJSON": {
                    "mhdr": {
                        "mType": "ConfirmedDataUp",
                        "major": "LoRaWANR1"
                    },
                    "macPayload": {
                        "fhdr": {
                            "devAddr": "06fb67c9",
                            "fCtrl": {
                                "adr": false,
                                "adrAckReq": false,
                                "ack": false,
                                "fPending": false,
                                "classB": false
                            },
                            "fCnt": 15,
                            "fOpts": null
                        },
                        "fPort": 1,
                        "frmPayload": [
                            {
                                "bytes": "ZpY2"
                            }
                        ]
                    },
                    "mic": "9ce669ab"
                }
            }
        ],
        "downlinkFrames": []
    }
}