{
    "result": {
        "uplinkFrames": [
            {
                "txInfo": {
                    "frequency": 923400000,
                    "dataRate": {
                        "modulation": "LORA",
                        "bandwidth": 125,
                        "spreadFactor": 11,
                        "bitrate": 0
                    },
                    "codeRate": "4/5"
                },
                "rxInfo": [
                    {
                        "mac": "00800000a0000ed1",
                        "time": "2021-10-30T07:16:53.799375Z",
                        "timeSinceGPSEpoch": "",
                        "timestamp": 4151810484,
                        "rssi": -94,
                        "loRaSNR": -6.8,
                        "board": 0,
                        "antenna": 0
                    },
                    {
                        "mac": "00800000a000151a",
                        "time": "2021-10-30T06:51:34.794403Z",
                        "timeSinceGPSEpoch": "",
                        "timestamp": 994040124,
                        "rssi": -109,
                        "loRaSNR": -9.2,
                        "board": 0,
                        "antenna": 0
                    },
                    {
                        "mac": "00800000a0000a1c",
                        "time": "2021-10-30T07:29:07.008237Z",
                        "timeSinceGPSEpoch": "",
                        "timestamp": 105572028,
                        "rssi": -95,
                        "loRaSNR": -12,
                        "board": 0,
                        "antenna": 0
                    }
                ],
                "phyPayloadJSON": {
                    "mhdr": {
                        "mType": "ConfirmedDataUp",
                        "major": "LoRaWANR1"
                    },
                    "macPayload": {
                        "fhdr": {
                            "devAddr": "06fb67c9",
                            "fCtrl": {
                                "adr": false,
                                "adrAckReq": false,
                                "ack": false,
                                "fPending": false,
                                "classB": false
                            },
                            "fCnt": 69,
                            "fOpts": null
                        },
                        "fPort": 1,
                        "frmPayload": [
                            {
                                "bytes": "i5ia"
                            }
                        ]
                    },
                    "mic": "299eb450"
                }
            }
        ],
        "downlinkFrames": []
    }
}