{
    "result": {
        "uplinkFrames": [
            {
                "txInfo": {
                    "frequency": 923200000,
                    "dataRate": {
                        "modulation": "LORA",
                        "bandwidth": 125,
                        "spreadFactor": 11,
                        "bitrate": 0
                    },
                    "codeRate": "4/5"
                },
                "rxInfo": [
                    {
                        "mac": "00800000a0000ed1",
                        "time": "2021-10-30T07:16:48.588626Z",
                        "timeSinceGPSEpoch": "",
                        "timestamp": 4146601380,
                        "rssi": -95,
                        "loRaSNR": -2.5,
                        "board": 0,
                        "antenna": 0
                    },
                    {
                        "mac": "00800000a000151a",
                        "time": "2021-10-30T06:51:29.584925Z",
                        "timeSinceGPSEpoch": "",
                        "timestamp": 988831028,
                        "rssi": -107,
                        "loRaSNR": -6.2,
                        "board": 0,
                        "antenna": 0
                    },
                    {
                        "mac": "00800000a0000a1c",
                        "time": "2021-10-30T07:29:01.802367Z",
                        "timeSinceGPSEpoch": "",
                        "timestamp": 100362924,
                        "rssi": -97,
                        "loRaSNR": -13.2,
                        "board": 0,
                        "antenna": 0
                    }
                ],
                "phyPayloadJSON": {
                    "mhdr": {
                        "mType": "ConfirmedDataUp",
                        "major": "LoRaWANR1"
                    },
                    "macPayload": {
                        "fhdr": {
                            "devAddr": "06fb67c9",
                            "fCtrl": {
                                "adr": false,
                                "adrAckReq": false,
                                "ack": false,
                                "fPending": false,
                                "classB": false
                            },
                            "fCnt": 67,
                            "fOpts": null
                        },
                        "fPort": 1,
                        "frmPayload": [
                            {
                                "bytes": "X5GA"
                            }
                        ]
                    },
                    "mic": "e851cb3e"
                }
            }
        ],
        "downlinkFrames": []
    }
}