{
    "result": {
        "uplinkFrames": [
            {
                "txInfo": {
                    "frequency": 923200000,
                    "dataRate": {
                        "modulation": "LORA",
                        "bandwidth": 125,
                        "spreadFactor": 10,
                        "bitrate": 0
                    },
                    "codeRate": "4/5"
                },
                "rxInfo": [
                    {
                        "mac": "00800000a0000ed1",
                        "time": "2021-10-30T07:14:36.442744Z",
                        "timeSinceGPSEpoch": "",
                        "timestamp": 4014457012,
                        "rssi": -97,
                        "loRaSNR": -2.2,
                        "board": 0,
                        "antenna": 0
                    },
                    {
                        "mac": "00800000a0000a1c",
                        "time": "2021-10-30T07:26:49.646361Z",
                        "timeSinceGPSEpoch": "",
                        "timestamp": 4263185828,
                        "rssi": -99,
                        "loRaSNR": -10.5,
                        "board": 0,
                        "antenna": 0
                    },
                    {
                        "mac": "00800000a000151a",
                        "time": "2021-10-30T06:49:17.420119Z",
                        "timeSinceGPSEpoch": "",
                        "timestamp": 856686924,
                        "rssi": -107,
                        "loRaSNR": -12.8,
                        "board": 0,
                        "antenna": 0
                    }
                ],
                "phyPayloadJSON": {
                    "mhdr": {
                        "mType": "ConfirmedDataUp",
                        "major": "LoRaWANR1"
                    },
                    "macPayload": {
                        "fhdr": {
                            "devAddr": "06fb67c9",
                            "fCtrl": {
                                "adr": false,
                                "adrAckReq": false,
                                "ack": false,
                                "fPending": false,
                                "classB": false
                            },
                            "fCnt": 13,
                            "fOpts": null
                        },
                        "fPort": 1,
                        "frmPayload": [
                            {
                                "bytes": "j4WR"
                            }
                        ]
                    },
                    "mic": "defaffa5"
                }
            }
        ],
        "downlinkFrames": []
    }
}