{
    "result": {
        "uplinkFrames": [
            {
                "txInfo": {
                    "frequency": 923400000,
                    "dataRate": {
                        "modulation": "LORA",
                        "bandwidth": 125,
                        "spreadFactor": 9,
                        "bitrate": 0
                    },
                    "codeRate": "4/5"
                },
                "rxInfo": [
                    {
                        "mac": "00800000a000151a",
                        "time": "2021-10-30T06:50:59.738383Z",
                        "timeSinceGPSEpoch": "",
                        "timestamp": 959001044,
                        "rssi": -108,
                        "loRaSNR": -4.8,
                        "board": 0,
                        "antenna": 0
                    },
                    {
                        "mac": "00800000a0000ed1",
                        "time": "2021-10-30T07:16:18.743128Z",
                        "timeSinceGPSEpoch": "",
                        "timestamp": 4116771340,
                        "rssi": -95,
                        "loRaSNR": -7.8,
                        "board": 0,
                        "antenna": 0
                    },
                    {
                        "mac": "00800000a0000a1c",
                        "time": "2021-10-30T07:28:31.966429Z",
                        "timeSinceGPSEpoch": "",
                        "timestamp": 70532876,
                        "rssi": -94,
                        "loRaSNR": -10.5,
                        "board": 0,
                        "antenna": 0
                    }
                ],
                "phyPayloadJSON": {
                    "mhdr": {
                        "mType": "ConfirmedDataUp",
                        "major": "LoRaWANR1"
                    },
                    "macPayload": {
                        "fhdr": {
                            "devAddr": "06fb67c9",
                            "fCtrl": {
                                "adr": false,
                                "adrAckReq": false,
                                "ack": false,
                                "fPending": false,
                                "classB": false
                            },
                            "fCnt": 53,
                            "fOpts": null
                        },
                        "fPort": 1,
                        "frmPayload": [
                            {
                                "bytes": "RRYH"
                            }
                        ]
                    },
                    "mic": "848433d5"
                }
            }
        ],
        "downlinkFrames": []
    }
}