{
    "result": {
        "uplinkFrames": [
            {
                "txInfo": {
                    "frequency": 923400000,
                    "dataRate": {
                        "modulation": "LORA",
                        "bandwidth": 125,
                        "spreadFactor": 11,
                        "bitrate": 0
                    },
                    "codeRate": "4/5"
                },
                "rxInfo": [
                    {
                        "mac": "00800000a0000ed1",
                        "time": "2021-10-30T07:17:04.073025Z",
                        "timeSinceGPSEpoch": "",
                        "timestamp": 4162088308,
                        "rssi": -93,
                        "loRaSNR": -4,
                        "board": 0,
                        "antenna": 0
                    },
                    {
                        "mac": "00800000a000151a",
                        "time": "2021-10-30T06:51:45.078049Z",
                        "timeSinceGPSEpoch": "",
                        "timestamp": 1004317924,
                        "rssi": -109,
                        "loRaSNR": -9.5,
                        "board": 0,
                        "antenna": 0
                    },
                    {
                        "mac": "00800000a0000a1c",
                        "time": "2021-10-30T07:29:17.288868Z",
                        "timeSinceGPSEpoch": "",
                        "timestamp": 115849852,
                        "rssi": -95,
                        "loRaSNR": -11.8,
                        "board": 0,
                        "antenna": 0
                    }
                ],
                "phyPayloadJSON": {
                    "mhdr": {
                        "mType": "ConfirmedDataUp",
                        "major": "LoRaWANR1"
                    },
                    "macPayload": {
                        "fhdr": {
                            "devAddr": "06fb67c9",
                            "fCtrl": {
                                "adr": false,
                                "adrAckReq": false,
                                "ack": false,
                                "fPending": false,
                                "classB": false
                            },
                            "fCnt": 73,
                            "fOpts": null
                        },
                        "fPort": 1,
                        "frmPayload": [
                            {
                                "bytes": "CL/D"
                            }
                        ]
                    },
                    "mic": "eaa850fe"
                }
            }
        ],
        "downlinkFrames": []
    }
}