{
    "result": {
        "uplinkFrames": [
            {
                "txInfo": {
                    "frequency": 923400000,
                    "dataRate": {
                        "modulation": "LORA",
                        "bandwidth": 125,
                        "spreadFactor": 12,
                        "bitrate": 0
                    },
                    "codeRate": "4/5"
                },
                "rxInfo": [
                    {
                        "mac": "00800000a000151a",
                        "time": "2021-10-30T06:50:01.60728Z",
                        "timeSinceGPSEpoch": "",
                        "timestamp": 900854492,
                        "rssi": -109,
                        "loRaSNR": -13.5,
                        "board": 0,
                        "antenna": 0
                    },
                    {
                        "mac": "00800000a0000a1c",
                        "time": "2021-10-30T07:27:33.839004Z",
                        "timeSinceGPSEpoch": "",
                        "timestamp": 12386196,
                        "rssi": -95,
                        "loRaSNR": -16.5,
                        "board": 0,
                        "antenna": 0
                    },
                    {
                        "mac": "00800000a0000ed1",
                        "time": "2021-10-30T07:15:20.622133Z",
                        "timeSinceGPSEpoch": "",
                        "timestamp": 4058624676,
                        "rssi": -93,
                        "loRaSNR": -17.8,
                        "board": 0,
                        "antenna": 0
                    }
                ],
                "phyPayloadJSON": {
                    "mhdr": {
                        "mType": "ConfirmedDataUp",
                        "major": "LoRaWANR1"
                    },
                    "macPayload": {
                        "fhdr": {
                            "devAddr": "06fb67c9",
                            "fCtrl": {
                                "adr": false,
                                "adrAckReq": false,
                                "ack": false,
                                "fPending": false,
                                "classB": false
                            },
                            "fCnt": 31,
                            "fOpts": null
                        },
                        "fPort": 1,
                        "frmPayload": [
                            {
                                "bytes": "KiDH"
                            }
                        ]
                    },
                    "mic": "b212f34f"
                }
            }
        ],
        "downlinkFrames": []
    }
}