{
    "result": {
        "uplinkFrames": [
            {
                "txInfo": {
                    "frequency": 923200000,
                    "dataRate": {
                        "modulation": "LORA",
                        "bandwidth": 125,
                        "spreadFactor": 10,
                        "bitrate": 0
                    },
                    "codeRate": "4/5"
                },
                "rxInfo": [
                    {
                        "mac": "00800000a0000ed1",
                        "time": "2021-10-30T07:14:43.969122Z",
                        "timeSinceGPSEpoch": "",
                        "timestamp": 4021995268,
                        "rssi": -94,
                        "loRaSNR": -6.5,
                        "board": 0,
                        "antenna": 0
                    },
                    {
                        "mac": "00800000a0000a1c",
                        "time": "2021-10-30T07:26:57.191109Z",
                        "timeSinceGPSEpoch": "",
                        "timestamp": 4270724084,
                        "rssi": -93,
                        "loRaSNR": -12.2,
                        "board": 0,
                        "antenna": 0
                    },
                    {
                        "mac": "00800000a000151a",
                        "time": "2021-10-30T06:49:24.952124Z",
                        "timeSinceGPSEpoch": "",
                        "timestamp": 864225164,
                        "rssi": -106,
                        "loRaSNR": -12.8,
                        "board": 0,
                        "antenna": 0
                    }
                ],
                "phyPayloadJSON": {
                    "mhdr": {
                        "mType": "ConfirmedDataUp",
                        "major": "LoRaWANR1"
                    },
                    "macPayload": {
                        "fhdr": {
                            "devAddr": "06fb67c9",
                            "fCtrl": {
                                "adr": false,
                                "adrAckReq": false,
                                "ack": false,
                                "fPending": false,
                                "classB": false
                            },
                            "fCnt": 17,
                            "fOpts": null
                        },
                        "fPort": 1,
                        "frmPayload": [
                            {
                                "bytes": "vU3i"
                            }
                        ]
                    },
                    "mic": "50d77d46"
                }
            }
        ],
        "downlinkFrames": []
    }
}