{
    "result": {
        "uplinkFrames": [
            {
                "txInfo": {
                    "frequency": 923200000,
                    "dataRate": {
                        "modulation": "LORA",
                        "bandwidth": 125,
                        "spreadFactor": 10,
                        "bitrate": 0
                    },
                    "codeRate": "4/5"
                },
                "rxInfo": [
                    {
                        "mac": "00800000a000151a",
                        "time": "2021-10-30T06:51:03.827173Z",
                        "timeSinceGPSEpoch": "",
                        "timestamp": 963086308,
                        "rssi": -104,
                        "loRaSNR": -8,
                        "board": 0,
                        "antenna": 0
                    },
                    {
                        "mac": "00800000a0000ed1",
                        "time": "2021-10-30T07:16:22.831001Z",
                        "timeSinceGPSEpoch": "",
                        "timestamp": 4120856612,
                        "rssi": -95,
                        "loRaSNR": -11.5,
                        "board": 0,
                        "antenna": 0
                    },
                    {
                        "mac": "00800000a0000a1c",
                        "time": "2021-10-30T07:28:36.049356Z",
                        "timeSinceGPSEpoch": "",
                        "timestamp": 74618148,
                        "rssi": -94,
                        "loRaSNR": -16.2,
                        "board": 0,
                        "antenna": 0
                    }
                ],
                "phyPayloadJSON": {
                    "mhdr": {
                        "mType": "ConfirmedDataUp",
                        "major": "LoRaWANR1"
                    },
                    "macPayload": {
                        "fhdr": {
                            "devAddr": "06fb67c9",
                            "fCtrl": {
                                "adr": false,
                                "adrAckReq": false,
                                "ack": false,
                                "fPending": false,
                                "classB": false
                            },
                            "fCnt": 55,
                            "fOpts": null
                        },
                        "fPort": 1,
                        "frmPayload": [
                            {
                                "bytes": "E874"
                            }
                        ]
                    },
                    "mic": "f58ee79a"
                }
            }
        ],
        "downlinkFrames": []
    }
}