{
    "result": {
        "uplinkFrames": [
            {
                "txInfo": {
                    "frequency": 923200000,
                    "dataRate": {
                        "modulation": "LORA",
                        "bandwidth": 125,
                        "spreadFactor": 10,
                        "bitrate": 0
                    },
                    "codeRate": "4/5"
                },
                "rxInfo": [
                    {
                        "mac": "00800000a000151a",
                        "time": "2021-10-30T06:51:07.607942Z",
                        "timeSinceGPSEpoch": "",
                        "timestamp": 966871044,
                        "rssi": -98,
                        "loRaSNR": -6,
                        "board": 0,
                        "antenna": 0
                    },
                    {
                        "mac": "00800000a0000ed1",
                        "time": "2021-10-30T07:16:26.61875Z",
                        "timeSinceGPSEpoch": "",
                        "timestamp": 4124641356,
                        "rssi": -95,
                        "loRaSNR": -7,
                        "board": 0,
                        "antenna": 0
                    },
                    {
                        "mac": "00800000a0000a1c",
                        "time": "2021-10-30T07:28:39.838237Z",
                        "timeSinceGPSEpoch": "",
                        "timestamp": 78402892,
                        "rssi": -96,
                        "loRaSNR": -13,
                        "board": 0,
                        "antenna": 0
                    }
                ],
                "phyPayloadJSON": {
                    "mhdr": {
                        "mType": "ConfirmedDataUp",
                        "major": "LoRaWANR1"
                    },
                    "macPayload": {
                        "fhdr": {
                            "devAddr": "06fb67c9",
                            "fCtrl": {
                                "adr": false,
                                "adrAckReq": false,
                                "ack": false,
                                "fPending": false,
                                "classB": false
                            },
                            "fCnt": 57,
                            "fOpts": null
                        },
                        "fPort": 1,
                        "frmPayload": [
                            {
                                "bytes": "gAjj"
                            }
                        ]
                    },
                    "mic": "30789d68"
                }
            }
        ],
        "downlinkFrames": []
    }
}