{
    "result": {
        "uplinkFrames": [
            {
                "txInfo": {
                    "frequency": 923400000,
                    "dataRate": {
                        "modulation": "LORA",
                        "bandwidth": 125,
                        "spreadFactor": 11,
                        "bitrate": 0
                    },
                    "codeRate": "4/5"
                },
                "rxInfo": [
                    {
                        "mac": "00800000a0000ed1",
                        "time": "2021-10-30T07:14:52.972635Z",
                        "timeSinceGPSEpoch": "",
                        "timestamp": 4030986644,
                        "rssi": -94,
                        "loRaSNR": -3,
                        "board": 0,
                        "antenna": 0
                    },
                    {
                        "mac": "00800000a000151a",
                        "time": "2021-10-30T06:49:33.955269Z",
                        "timeSinceGPSEpoch": "",
                        "timestamp": 873216524,
                        "rssi": -108,
                        "loRaSNR": -12.5,
                        "board": 0,
                        "antenna": 0
                    },
                    {
                        "mac": "00800000a0000a1c",
                        "time": "2021-10-30T07:27:06.188963Z",
                        "timeSinceGPSEpoch": "",
                        "timestamp": 4279715468,
                        "rssi": -91,
                        "loRaSNR": -15,
                        "board": 0,
                        "antenna": 0
                    }
                ],
                "phyPayloadJSON": {
                    "mhdr": {
                        "mType": "ConfirmedDataUp",
                        "major": "LoRaWANR1"
                    },
                    "macPayload": {
                        "fhdr": {
                            "devAddr": "06fb67c9",
                            "fCtrl": {
                                "adr": false,
                                "adrAckReq": false,
                                "ack": false,
                                "fPending": false,
                                "classB": false
                            },
                            "fCnt": 21,
                            "fOpts": null
                        },
                        "fPort": 1,
                        "frmPayload": [
                            {
                                "bytes": "9WHv"
                            }
                        ]
                    },
                    "mic": "256837d0"
                }
            }
        ],
        "downlinkFrames": []
    }
}