{
    "result": {
        "uplinkFrames": [
            {
                "txInfo": {
                    "frequency": 923200000,
                    "dataRate": {
                        "modulation": "LORA",
                        "bandwidth": 125,
                        "spreadFactor": 10,
                        "bitrate": 0
                    },
                    "codeRate": "4/5"
                },
                "rxInfo": [
                    {
                        "mac": "00800000a0000ed1",
                        "time": "2021-10-30T07:14:32.643618Z",
                        "timeSinceGPSEpoch": "",
                        "timestamp": 4010668724,
                        "rssi": -94,
                        "loRaSNR": -4.2,
                        "board": 0,
                        "antenna": 0
                    },
                    {
                        "mac": "00800000a000151a",
                        "time": "2021-10-30T06:49:13.634325Z",
                        "timeSinceGPSEpoch": "",
                        "timestamp": 852898644,
                        "rssi": -109,
                        "loRaSNR": -11.8,
                        "board": 0,
                        "antenna": 0
                    },
                    {
                        "mac": "00800000a0000a1c",
                        "time": "2021-10-30T07:26:45.854851Z",
                        "timeSinceGPSEpoch": "",
                        "timestamp": 4259397540,
                        "rssi": -101,
                        "loRaSNR": -12.8,
                        "board": 0,
                        "antenna": 0
                    }
                ],
                "phyPayloadJSON": {
                    "mhdr": {
                        "mType": "ConfirmedDataUp",
                        "major": "LoRaWANR1"
                    },
                    "macPayload": {
                        "fhdr": {
                            "devAddr": "06fb67c9",
                            "fCtrl": {
                                "adr": false,
                                "adrAckReq": false,
                                "ack": false,
                                "fPending": false,
                                "classB": false
                            },
                            "fCnt": 11,
                            "fOpts": null
                        },
                        "fPort": 1,
                        "frmPayload": [
                            {
                                "bytes": "/s7w"
                            }
                        ]
                    },
                    "mic": "f0efac7a"
                }
            }
        ],
        "downlinkFrames": []
    }
}