{
    "result": {
        "uplinkFrames": [
            {
                "txInfo": {
                    "frequency": 923400000,
                    "dataRate": {
                        "modulation": "LORA",
                        "bandwidth": 125,
                        "spreadFactor": 10,
                        "bitrate": 0
                    },
                    "codeRate": "4/5"
                },
                "rxInfo": [
                    {
                        "mac": "00800000a0000ed1",
                        "time": "2021-10-30T07:16:38.044121Z",
                        "timeSinceGPSEpoch": "",
                        "timestamp": 4136067196,
                        "rssi": -93,
                        "loRaSNR": -6.2,
                        "board": 0,
                        "antenna": 0
                    },
                    {
                        "mac": "00800000a000151a",
                        "time": "2021-10-30T06:51:19.044152Z",
                        "timeSinceGPSEpoch": "",
                        "timestamp": 978296868,
                        "rssi": -108,
                        "loRaSNR": -6.2,
                        "board": 0,
                        "antenna": 0
                    },
                    {
                        "mac": "00800000a0000a1c",
                        "time": "2021-10-30T07:28:51.267217Z",
                        "timeSinceGPSEpoch": "",
                        "timestamp": 89828740,
                        "rssi": -97,
                        "loRaSNR": -11.8,
                        "board": 0,
                        "antenna": 0
                    }
                ],
                "phyPayloadJSON": {
                    "mhdr": {
                        "mType": "ConfirmedDataUp",
                        "major": "LoRaWANR1"
                    },
                    "macPayload": {
                        "fhdr": {
                            "devAddr": "06fb67c9",
                            "fCtrl": {
                                "adr": false,
                                "adrAckReq": false,
                                "ack": false,
                                "fPending": false,
                                "classB": false
                            },
                            "fCnt": 63,
                            "fOpts": null
                        },
                        "fPort": 1,
                        "frmPayload": [
                            {
                                "bytes": "rTDK"
                            }
                        ]
                    },
                    "mic": "9fdb6575"
                }
            }
        ],
        "downlinkFrames": []
    }
}